slug,title,city,provincia,category,latitude,longitude,best_for_tags,surface_tags,access_type,best_season,confidence,fonte,da_verificare;;;;;;;
"parco-della-madonnina-lainate,Parco della Madonnina,Lainate,MI,Bashing,45.56357,9.01362,""bashing";buggy;"scaler"",""dirt";gravel;"grass"",free,avoid_after_rain,HIGH,""Playlist YouTube: L'arena e il megasalto del Parco della Madonnina di Lainate"; Return of Lainate Adventures;" Parco della Madonnina il RITORNO"",""Punto esatto dell'arena/salto entro il parco""";
"parco-delle-cave-milano,Parco delle Cave,Milano,MI,Bashing,45.46821,9.09954,""bashing";"buggy"",""grass";dirt;"gravel"",free,all_year,HIGH,""Playlist YouTube: ARRMA Notorious / MT4 G3 / E-Revo / xMaxx @ Parco delle Cave (2 video)"",""Zona precisa del parco usata per il bashing""";;;;
"parco-lambro-milano,Parco Lambro,Milano,MI,Bashing,45.49683,9.25052,""bashing";buggy;scaler;"crawler"",""grass";mud;water;"concrete"",free,all_year,HIGH,""Playlist YouTube: Offroad & Bashing @ Parco Lambro Skatepark Huge Jump";" Parco Lambro MUD & WATER Offroad"",""Coordinate dello skatepark vs zona fango/guado"""
"monte-stella-milano,Monte Stella,Milano,MI,Bashing,45.49088,9.13448,""bashing";scaler;"crawler"",""dirt";gravel;"grass"",free,all_year,HIGH,""Playlist YouTube: Monte Stella RC MONSTER Bashing";" Scalers Adventures Monte Stella Milano (night)"",-";;
"erve-scaler-trail,Trail di Erve,Erve,LC,Scaler,45.82158,9.45285,""scaler";"crawler"",""rock";gravel;"water"",free,avoid_after_rain,MEDIUM,""Playlist YouTube: Scalers Off Track Lombardia - custom Axial 6x6 HEMTT and friends - Erve"",""Coordinate = centro comune, non il punto di run""";;;;
"erba-scaler-autunno,Scaler Trail di Erba,Erba,CO,Scaler,45.81622,9.22025,""scaler";"crawler"",""rock";"dirt"",free,all_year,LOW,""Playlist YouTube: Scaler RC 4x4 - Avventura Autunnale vicino all'Orrido di Caino (Erba, Como)"",""L'Orrido di Caino non risulta georeferenziato su OSM: coordinate = centro Erba. DA CONFERMARE""";;;;;
"olgiate-comasco-offroad,Offroad di Olgiate Comasco,Olgiate Comasco,CO,Scaler,45.783528, 8.953222,""scaler";crawler;"fpv_drone"",""dirt";grass;"gravel"",free,all_year,MEDIUM,""Playlist YouTube: Scaler RC 4x4 Avventura Offroad a Olgiate Comasco + Drone DJI Phantom 4 Pro"",""Coordinate = centro comune""";;;
"val-vigezzo-fiume,Fiume in Val Vigezzo,Santa Maria Maggiore,VB,Scaler,46.137202, 8.474712,""scaler";"crawler"",""rock";water;"gravel"",free,summer,MEDIUM,""Playlist YouTube: 4X4 SCALER OFFROAD Axial & MST Avventura nel fiume a Vigezzo"",""Coordinate = centro valle";" individuare il tratto di greto""";;;
"arese-bashing,Bashing Parchetto Luraghi,Arese,MI,Bashing,45.560474, 9.052679,""bashing";"buggy"",""dirt";"gravel"",free,avoid_after_rain,MEDIUM,""Playlist YouTube: ARRMA NOTORIOUS - Arese Bashing"",""Coordinate = centro comune""";;;;;
"ticino-somma-lombardo,Greto del Ticino,Somma Lombardo,VA,Droni,45.570980, 8.685216,""fpv_drone";bashing;"scaler"",""sand";gravel;water;"grass"",free,all_year,MEDIUM,""Playlist YouTube: DJI Phantom 4 / Phantom 3 / Wizard x220 / HPI Baja - GITA SUL TICINO"",""Tratto di greto preciso + verifica restrizioni volo ENAC""";;
